Workbook
Name pointData_1: Sheet1!$A$2:$E$25

Sheet Assignment generation
A1: Graphics Assignment No 1.
A2: . To be e-mailed to robert.sheehy@mtu.ie before midnight. | K2: Can Be negative
A3: Name
B4: t-number | C4: 259086
K5: Can be negative, needs to be normalised
A6: 1st Transformation a rotation by | B6: rotation angle (degrees) | C6: =MOD(C4,100)-50 -> 36
A7: about the axis | B7: rotation axis | C7: =INT((C4/10000))-5 -> 20 | D7: =MOD(INT((C4/100)),10)-5 -> -5 | E7: =MOD(INT((C4/100)),10)-5 -> -5
A8: 2nd Transformation Scale | B8: scale | C8: =INT((C4/10000))-5 -> 20 | D8: =MOD(INT((C4/1000)),10)-4 -> 5 | E8: =MOD(INT((C4/100)),10)-5 -> -5 | G8: 5 | H8: 4 | I8: 4 | K8: Cannot have 0 or negatives | L8: 0 replace with 2, negative change sign
A9: 3rd Translation | B9: translation | C9: =MOD(C4,10)-5 -> 1 | D9: =MOD(INT((C4/10)),10)-5 -> 3 | E9: =MOD(INT((C4/100)),10)-4 -> -4
A11: Camera setup | B11: Camera position | C11: =2+C7 -> 22 | D11: =3+D7 -> -2 | E11: =E7+50 -> 45
B12: Camera look at | C12: =D7 -> -5 | D12: =C8 -> 20 | E12: =E8 -> -5 | H12: Matrix.lookat();
B13: Camera up | C13: =E9 -> -4 | D13: =D7 -> -5 | E13: =C7 -> 20
A15: Projection onto plane | B15: Projection | C15: z = -1

Sheet Map of Assignment
D2: Vertices of your letter
D5: Rotation Matrix
D8: Image after Rotation
D11: Scale Matrix | H11: Single Matrix of transformations
D14: Image after Scale
D17: Translation Matrix
D20: Image after translation | F20: = | H20: Image after transformations
D23: Viewing Matrix | L23: Single Matrix for everything
D26: Image after Viewing Matrix
A29: Projection by hand i.e. division | D29: Projection matrix
A32: Final Image | D32: Final Image | F32: Should be equal (ish) :-) | L32: Final Image
D35: Final Image on graph paper, or excell chart
A43: =Sheet1!A2/Sheet1!D2 -> -1.1428935 | B43: =Sheet1!B2/Sheet1!D2 -> -0.91039916
A44: =Sheet1!A3/Sheet1!D3 -> -1.2056553 | B44: =Sheet1!B3/Sheet1!D3 -> -0.5377715
A45: =Sheet1!A4/Sheet1!D4 -> -0.58825019 | B45: =Sheet1!B4/Sheet1!D4 -> -0.57546893
A46: =Sheet1!A5/Sheet1!D5 -> -0.26408609 | B46: =Sheet1!B5/Sheet1!D5 -> 2.21081
A47: =Sheet1!A6/Sheet1!D6 -> 0.23157263 | B47: =Sheet1!B6/Sheet1!D6 -> 4.103146
A48: =Sheet1!A7/Sheet1!D7 -> 2.6399231 | B48: =Sheet1!B7/Sheet1!D7 -> 5.4297838
A49: =Sheet1!A8/Sheet1!D8 -> 1.8427172 | B49: =Sheet1!B8/Sheet1!D8 -> 2.8996182
A50: =Sheet1!A9/Sheet1!D9 -> -0.037110496 | B50: =Sheet1!B9/Sheet1!D9 -> -1.042104
A51: =Sheet1!A10/Sheet1!D10 -> -0.039342601 | B51: =Sheet1!B10/Sheet1!D10 -> -0.60898397
A52: =Sheet1!A11/Sheet1!D11 -> 0.72134905 | B52: =Sheet1!B11/Sheet1!D11 -> 1.4031182
A53: =Sheet1!A12/Sheet1!D12 -> -0.048960019 | B53: =Sheet1!B12/Sheet1!D12 -> 1.2571843
A54: =Sheet1!A13/Sheet1!D13 -> -0.41448589 | B54: =Sheet1!B13/Sheet1!D13 -> -0.58607867
... A66: =Sheet1!A25/Sheet1!D25 -> -0.31520971 | B66: =Sheet1!B25/Sheet1!D25 -> -0.37311093

Sheet Sheet1
A1: x | B1: y | C1: z | D1: w
A2: 87.0008 | B2: 69.30257 | C2: -78.27768 | D2: -76.12328
A3: 76.11559 | B3: 33.95066 | C3: -65.26053 | D3: -63.13213
A4: 33.81828 | B4: 33.08349 | C4: -59.60672 | D4: -57.48962
A5: 6.605258 | B5: -55.29625 | C5: -27.06384 | D5: -25.01176
A6: -4.12451 | B6: -73.0806 | C6: -19.84853 | D6: -17.81087
A7: -35.84749 | B7: -73.73098 | C7: -15.60818 | D7: -13.57899
A8: -35.69205 | B8: -56.16343 | C8: -21.41003 | D8: -19.36925
A9: 2.40618 | B9: 67.56821 | C9: -66.97007 | D9: -64.83826
A10: 2.095298 | B10: 32.43311 | C10: -55.36636 | D10: -53.25774
A11: -19.67512 | B11: -38.27068 | C11: -29.33206 | D11: -27.27545
A12: 1.473535 | B12: -37.8371 | C12: -32.15896 | D12: -30.0967
A13: 23.24395 | B13: 32.8667 | C13: -58.19327 | D13: -56.07899
... A25: 19.98752 | B25: 23.65905 | C25: -65.53918 | D25: -63.41023
